date,nav,returns
2024-01-02,998502264.8121703,
2024-01-03,1008232961.9612279,0.009745293017325407
2024-01-04,1008117833.4650158,-0.00011418838756094285
2024-01-05,1007150657.4874046,-0.0009593878270032219
2024-01-08,1002930494.4836392,-0.004190200316498416
2024-01-09,999672679.6687855,-0.0032482957022171854
2024-01-10,1000409608.9756141,0.0007371705977528009
2024-01-11,996987490.5528408,-0.003420717266277906
2024-01-12,1001410361.443649,0.004436235090929497
2024-01-15,997289916.3035793,-0.004114642007627789
2024-01-16,998257359.7012988,0.000970072375047426
2024-01-17,996727105.6956089,-0.0015329253431678458
2024-01-18,998385291.4905822,0.001663630682358308
2024-01-19,1005780549.1949561,0.007407218202636789
2024-01-22,1005826977.2503859,4.6161218236973056e-05
2024-01-23,1003744901.837256,-0.002070013491606293
2024-01-24,1001064459.5064563,-0.0026704417884398923
2024-01-25,998249994.251831,-0.0028114725559359455
2024-01-26,1000517950.8496327,0.002271932492723394
2024-01-29,1000759418.0872285,0.00024134223418048606
2024-01-30,998829277.3195138,-0.0019286760962028415
2024-01-31,990035851.0117044,-0.008803733037749617
2024-02-01,991216923.5230055,0.0011929593358606105
2024-02-02,991464765.7110316,0.000250038293479804
2024-02-05,1005210878.306986,0.01386444891573757
2024-02-06,1007110339.4019618,0.0018896145435423062
2024-02-07,1008268822.944508,0.0011503044872263057
2024-02-15,1008655624.2525764,0.00038362914657907865
2024-02-16,1017131944.5712082,0.008403582069859583
2024-02-19,1020648864.0374641,0.003457682638940751
2024-02-20,1027041427.9705428,0.006263235240169696
2024-02-21,1028322812.5815346,0.0012476464688710998
2024-02-22,1031828115.5812483,0.0034087574026622214
2024-02-23,1028959770.1496965,-0.0027798674878480867
2024-02-26,1033126748.5901862,0.004049700057645156
2024-02-27,1041049686.4920115,0.007668892430320984
2024-02-28,1043443064.0311717,0.0022990041399704175
2024-02-29,1036157554.0068719,-0.0069821826177590696
2024-03-01,1037591694.7316618,0.0013840952268735496
2024-03-04,1039105598.6304522,0.001459055528756803
2024-03-05,1042388392.6749406,0.003159249693982291
2024-03-06,1032406064.9185477,-0.009576399570966565
2024-03-07,1030073984.8713135,-0.0022588786781471137
2024-03-08,1011201636.8685043,-0.01832135194169271
2024-03-11,1001432393.6593072,-0.009661023927384549
2024-03-12,1017065413.2606778,0.015610658992412318
2024-03-13,1028648382.2378857,0.011388617512882782
2024-03-14,1022293473.7307227,-0.006177921063111547
2024-03-15,1023294413.6153238,0.000979112075271571
2024-03-18,1019022472.1328175,-0.004174694423878855
2024-03-19,1017645727.4361887,-0.0013510444904588637
2024-03-20,1019674236.5245411,0.0019933352380527847
2024-03-21,1027050621.1012378,0.007234059969817741
2024-03-22,1026142546.2040404,-0.0008841578774605452
2024-03-25,1023882282.9223788,-0.002202679627721249
2024-03-26,1035572277.9306824,0.011417323263898993
2024-03-27,1032272798.5116229,-0.003186141121557129
2024-03-28,1037777933.3638151,0.005333023266843595
2024-03-29,1039630523.43295,0.0017851507625816776
2024-04-01,1036034463.1785116,-0.0034589791020793736
2024-04-02,1051828166.1434779,0.015244379918127215
2024-04-03,1043566936.483743,-0.00785416280496154
2024-04-04,1042711145.4608635,-0.0008200633739537944
2024-04-05,1028138695.9432976,-0.013975538269637489
2024-04-08,1029502741.6153531,0.0013267136792318723
2024-04-09,1032486696.0896834,0.0028984424749061155
2024-04-10,1032521743.0012381,3.394417738022959e-05
2024-04-11,1026374770.5270989,-0.005953358867070269
2024-04-12,1028426723.2973723,0.001999223703851971
2024-04-15,1017014013.4800338,-0.01109725132457351
2024-04-16,1023386951.4886265,0.006266322709542305
2024-04-17,1015014023.4113295,-0.00818158572875849
2024-04-19,1011043698.7911949,-0.00391159582878553
2024-04-22,1023818693.9241166,0.012635452995944263
2024-04-23,1018405835.9176321,-0.005286930233455722
2024-04-24,1028438391.0769383,0.00985123494531659
2024-04-25,1028592583.8809932,0.0001499290627351435
2024-04-26,1030090030.5041804,0.0014558209408210843
2024-05-02,1029290572.0595553,-0.0007761054091881547
2024-05-03,1029794986.913882,0.0004900606961912857
2024-05-06,1041956437.5985506,0.011809584275715324
2024-05-07,1051440200.1328399,0.009101880071058499
2024-05-08,1055172151.6387556,0.003549371143926283
2024-05-09,1050889088.3943932,-0.004059113233523481
2024-05-10,1050156541.2664661,-0.0006970736836237057
2024-05-13,1041728002.0158057,-0.00802598366953533
2024-05-14,1048492613.2348909,0.006493644411972532
2024-05-15,1059594516.0435618,0.010588441605152044
2024-05-16,1061248148.6752675,0.0015606277747455266
2024-05-17,1063589355.9865162,0.002206088476263801
2024-05-20,1061273744.4485416,-0.002177166897112115
2024-05-21,1063503687.9221451,0.002101195365727504
2024-05-22,1065520032.237021,0.0018959448263082823
2024-05-23,1076343819.1826215,0.010158220041040833
2024-05-24,1074638488.429447,-0.0015843736200107372
2024-05-27,1076222324.2069042,0.001473831241399104
2024-05-28,1082731528.9998832,0.006048197149019163
2024-05-29,1082074764.7251456,-0.0006065809086988061
2024-05-30,1088789429.8409405,0.006205361528323294
2024-05-31,1088463765.392056,-0.00029910691632273334
2024-06-03,1097312460.2060835,0.008129526306133172
2024-06-04,1099435442.8973765,0.0019347111859955302
2024-06-05,1098473930.767432,-0.0008745507852745416
2024-06-06,1095543954.5856206,-0.0026673151722084176
2024-06-07,1095383931.3256464,-0.00014606740268563456
2024-06-10,1096505638.9979062,0.0010240315200737982
2024-06-11,1089260292.709406,-0.006607668972064551
2024-06-12,1090844246.228348,0.0014541552001332558
2024-06-13,1089626455.6688008,-0.0011163743712796492
2024-06-14,1076642421.800986,-0.01191604131880708
2024-06-17,1088274192.1016805,0.01080374511087645
2024-06-18,1113276441.340733,0.02297421864867344
2024-06-19,1113268175.4586542,-7.4248243939756264e-06
2024-06-20,1113510531.8245573,0.0002176980993848776
2024-06-21,1132593262.7479248,0.01713744987404775
2024-06-24,1116214323.3334112,-0.014461448741779237
2024-06-25,1115984901.390984,-0.00020553574491144477
2024-06-26,1117710968.708476,0.0015466762277345225
2024-06-27,1115218099.6075654,-0.002230334290976077
2024-06-28,1112165724.4477994,-0.002737020822061731
2024-07-01,1115087168.6653543,0.002626806557094019
2024-07-02,1120108524.0984378,0.004503105742929225
2024-07-03,1119395455.488987,-0.0006366067163221523
2024-07-04,1129635351.3277261,0.00914770181398139
2024-07-05,1129007841.5380204,-0.0005554976559190017
2024-07-08,1127477387.1387744,-0.0013555746407934999
2024-07-09,1124283599.252349,-0.002832684648807371
2024-07-10,1116291548.583199,-0.007108571782479589
2024-07-11,1113147179.7062366,-0.0028167989634547697
2024-07-12,1111724780.544568,-0.0012778176934733487
2024-07-15,1115187540.6885514,0.003114763837761325
2024-07-16,1115492653.4975598,0.0002735977563199654
2024-07-17,1114365470.4195366,-0.001010480055147811
2024-07-18,1118281004.1254537,0.003513689009444043
2024-07-19,1114789986.7749176,-0.0031217711269863058
2024-07-22,1096540374.4223738,-0.016370448756307776
2024-07-23,1073534530.6899221,-0.02098038911204747
2024-07-24,1085309313.01997,0.010968238089631432
2024-07-25,1078660264.7796154,-0.006126408536800465
2024-07-26,1070385433.7662246,-0.007671396901860916
2024-07-29,1076376705.6181903,0.005597303235793216
2024-07-30,1076231427.6046755,-0.00013496948861535518
2024-07-31,1077737286.2199748,0.001399195913327711
2024-08-01,1065917237.903609,-0.010967467181007606
2024-08-02,1078749842.2561343,0.012039025072681842
2024-08-05,1070658845.7570398,-0.007500345475993542
2024-08-06,1078566686.8442676,0.0073859578320079056
2024-08-07,1073539897.2952043,-0.004660620071412547
2024-08-08,1072340511.6807112,-0.0011172250025499597
2024-08-09,1075877802.7754145,0.0032986640494996333
2024-08-12,1075341553.1163082,-0.0004984298939181286
2024-08-13,1073577107.6674852,-0.0016408232749024476
2024-08-14,1075257962.8222735,0.0015656585286549785
2024-08-15,1071156946.7848072,-0.0038139834153864127
2024-08-16,1080824681.1358693,0.009025506841066289
2024-08-19,1081234712.3275113,0.0003793688271545026
2024-08-20,1085224875.3979084,0.0036903764047750975
2024-08-21,1082166909.731997,-0.0028178175189637056
2024-08-22,1079054877.2730045,-0.0028757416540884373
2024-08-23,1079097879.46246,3.985171686937683e-05
2024-08-26,1079397004.9790392,0.00027719961485628275
2024-08-27,1077736064.6797585,-0.0015387668222341944
2024-08-28,1077891706.727191,0.00014441573640633365
2024-08-29,1077794326.7043326,-9.034304861110787e-05
2024-08-30,1078783875.333027,0.0009181238054203344
2024-09-04,1078112273.884575,-0.000622554214804727
2024-09-05,1076587454.8692904,-0.001414341578535594
2024-09-06,1078465583.8719366,0.0017445206092190357
2024-09-09,1074883301.6470816,-0.003321647235133618
2024-09-10,1070645549.5715296,-0.003942522940916793
2024-09-11,1062011183.3674166,-0.00806463559071302
2024-09-12,1056039847.2332296,-0.005622667847294371
2024-09-13,1053113156.8101709,-0.002771382567359093
2024-09-16,1048438548.8453767,-0.004438846798717533
2024-09-17,1059451420.1778685,0.010504069451299669
2024-09-18,1057141347.5790594,-0.0021804422126512346
2024-09-19,1058542617.4715879,0.0013255274668213524
2024-09-20,1059722518.386721,0.0011146465864089183
2024-09-23,1059227780.6257881,-0.00046685594799489305
2024-09-24,1060567432.2918231,0.0012647437034210007
2024-09-25,1059816655.0509906,-0.0007079014666800942
2024-09-26,1064964840.5155847,0.004857618947634368
2024-09-27,1064075053.5481453,-0.0008355083037376865
2024-09-30,1062181383.9549952,-0.0017796391211650775
2024-10-01,1063033809.0306492,0.0008025230798907046
2024-10-02,1062762158.2140086,-0.00025554296987817526
2024-10-03,1061887944.9343249,-0.00082258600659324
2024-10-04,1054056055.386941,-0.007375438797234235
2024-10-07,1058053241.2615561,0.003792194783367453
2024-10-08,1055656102.4662263,-0.002265612638236991
2024-10-09,1062354693.5258846,0.006345429201810138
2024-10-10,1060506066.2466147,-0.0017401224756060651
2024-10-11,1061829932.2997016,0.0012483342577873646
2024-10-14,1061101424.1218388,-0.0006860874380184567
2024-10-15,1060823005.9171919,-0.00026238604370676377
2024-10-16,1059865567.6003942,-0.0009025429420903563
2024-10-17,1061543804.2223496,0.001583442913194233
2024-10-18,1063054689.5832028,0.0014232906403330858
2024-10-21,1054803161.939302,-0.007762091381334324
2024-10-22,1050701548.0015955,-0.0038885112272184497
2024-10-23,1052911129.4924645,0.002102958252104603
2024-10-24,1048860441.8076953,-0.0038471316061801097
2024-10-25,1047658182.5954933,-0.0011462527942515122
2024-10-28,1049820153.115577,0.0020636220439069763
2024-10-29,1050210005.5564566,0.0003713516450627452
2024-10-30,1048019141.2716146,-0.002086120179059958
2024-10-31,1051193939.1393294,0.00302933194890187
2024-11-01,1044643879.0576835,-0.006231067206312946
2024-11-04,1034456443.443327,-0.009752065578124136
2024-11-05,1034517938.1352133,5.944638102084454e-05
2024-11-06,1039019672.693417,0.004351528757750023
2024-11-07,1037674796.4746562,-0.0012943703128107664
2024-11-08,1032578503.0559996,-0.004911262599776367
2024-11-11,1035943931.4083447,0.003259246965131357
2024-11-12,1034387271.3782663,-0.0015026489203543436
2024-11-13,1033317692.0415487,-0.0010340221368854152
2024-11-14,1024193112.2889655,-0.008830372133235787
2024-11-15,1017157930.7830085,-0.006868999040848922
2024-11-18,1015457924.3306751,-0.0016713298897691464
2024-11-19,1007031978.1165168,-0.008297681284738734
2024-11-20,1010263055.4140562,0.003208515089642372
2024-11-21,1013086147.673209,0.0027944130432402403
2024-11-22,1011015544.61822,-0.0020438568425248382
2024-11-25,1011162445.0670114,0.00014529989135514398
2024-11-26,1012238013.2577243,0.0010636947564262034
2024-11-27,1012261045.0524454,2.2753339055991972e-05
2024-11-28,1010028363.5439042,-0.0022056380806647624
2024-11-29,1012975913.7365465,0.0029182845740096663
2024-12-02,1017033053.2517254,0.00400516879045365
2024-12-03,1015184422.7070735,-0.0018176700734960916
2024-12-04,1016911277.9328368,0.0017010261260299586
2024-12-05,1021878689.6826422,0.004884803480499356
2024-12-06,1025629117.6014528,0.0036701302773769484
2024-12-09,1026480315.0223718,0.0008299271211309467
2024-12-10,1026343166.5362656,-0.00013361043957593743
2024-12-11,1022915126.4522817,-0.0033400525241016332
2024-12-12,1021058951.9940302,-0.0018145928340009831
2024-12-13,1019899888.6696372,-0.0011351580847800413
2024-12-16,1019044652.9918482,-0.0008385486529511876
2024-12-17,1018048762.6599404,-0.0009772784038304394
2024-12-18,1020244868.6926109,0.0021571717517072653
2024-12-19,1017021007.7461165,-0.0031598894004980504
2024-12-20,1017681640.3570502,0.0006495761699139013
2024-12-23,1023476294.8376796,0.005693975650967298
2024-12-24,1023401252.5541363,-7.332097863121945e-05
2024-12-25,1025625483.447207,0.0021733712827882723
2024-12-26,1024639056.3331474,-0.0009617810106903324
2024-12-27,1031387593.1855984,0.006586257678486085
2024-12-30,1031807405.9211966,0.0004070368291919646
2024-12-31,1022738317.5293207,-0.008789516667385255
2025-01-02,1022750085.699702,1.1506531220728533e-05
2025-01-03,1014611919.1650783,-0.00795714089728583
2025-01-06,1005133716.4653949,-0.009341702497919657
2025-01-07,1005873308.1423204,0.0007358142153726099
2025-01-08,1004758591.9703757,-0.0011082073288170013
2025-01-09,998097773.6690915,-0.006629272299351063
2025-01-10,988378893.5867808,-0.009737402826361596
2025-01-13,991070120.2028711,0.002722869370797687
2025-01-14,984402885.1870265,-0.006727309077262711
2025-01-15,986729835.842169,0.002363819418002233
2025-01-16,989996183.8006308,0.0033102758625656037
2025-01-17,991911097.0432088,0.001934263256679003
2025-01-20,989608461.9402366,-0.002321412785718624
2025-01-21,989588977.0318253,-1.968951273223496e-05
2025-01-22,986742555.8744684,-0.0028763670811031705
2025-01-23,992287340.3659708,0.005619281806072074
2025-01-24,991836594.0660927,-0.0004542497737720641
2025-02-03,985549026.91295,-0.006339317575858372
2025-02-04,987290455.0259781,0.0017669624396898787
2025-02-05,986116037.6102002,-0.0011895358754856478
2025-02-06,986465401.5975939,0.0003542828369775819
2025-02-07,985167214.902059,-0.0013159982027068917
2025-02-10,981670802.881937,-0.003549054381057015
2025-02-11,985290669.5253903,0.0036874547280272285
2025-02-12,984526853.4941474,-0.0007752189834607792
2025-02-13,986165524.5019236,0.0016644248980719478
2025-02-14,988134620.4662763,0.001996719531791813
2025-02-17,987856732.4034078,-0.00028122490307780357
2025-02-18,988960035.3413645,0.0011168653325592803
2025-02-19,990594049.8286526,0.0016522553277131813
2025-02-20,990811652.6383157,0.00021966900538195056
2025-02-21,990726472.5477829,-8.59700128738039e-05
2025-02-24,991003711.8713219,0.0002798343753005472
2025-02-25,989761772.935689,-0.0012532132026910059
2025-02-26,988645030.5225588,-0.0011282941447797734
2025-02-27,988403452.1407636,-0.0002443530026823293
2025-02-28,987065916.3323985,-0.0013532285884556572
2025-03-03,991806132.9064462,0.0048023303161564
2025-03-04,994390423.8514236,0.0026056412228510073
2025-03-05,991768913.1598958,-0.0026362992127120233
2025-03-06,995521285.9293548,0.003783515211727595
2025-03-07,995592601.4039625,7.163631317141927e-05
2025-03-10,998125723.4475129,0.002544335946227605
2025-03-11,997431482.4650677,-0.0006955446254277575
2025-03-12,994837182.9534831,-0.0026009801747715056
2025-03-13,1002905263.8446693,0.008109951084893652
2025-03-14,1002894122.919869,-1.1108651237545786e-05
2025-03-17,1006248026.8355577,0.003344225316550986
2025-03-18,1005330196.9151962,-0.0009121309020082569
2025-03-19,1003588782.6725836,-0.001732181374792141
2025-03-20,1002305547.5628694,-0.0012786463259352177
2025-03-21,1001043306.4375374,-0.0012593376624534525
2025-03-24,1016420992.1188041,0.015361658763787256
2025-03-25,1022215666.4768077,0.00570105734034887
2025-03-26,1021838578.1813692,-0.00036889308959453526
2025-03-27,1020389393.202409,-0.0014182132187056107
2025-03-28,1016799582.6063771,-0.003518079097985849
2025-03-31,999131336.0884731,-0.017376331403101797
2025-04-01,1002055461.0758202,0.0029266672775922764
2025-04-02,1002227563.0861065,0.00017174898692884355
2025-04-03,962824879.5015502,-0.03931510670413585
2025-04-04,962459456.7861958,-0.0003795318579050688
2025-04-08,940588523.3894887,-0.022724004884047355
2025-04-09,934378559.0058892,-0.006602211518828005
2025-04-10,963419943.440471,0.03108096194488863
2025-04-11,972364965.3043357,0.009284655071516434
2025-04-14,977758519.8626702,0.005546841721766782
2025-04-15,966156706.2808442,-0.011865724865742444
2025-04-16,956358886.124575,-0.010141025873520282
2025-04-17,962675260.7796571,0.006604607064067514
2025-04-18,953104128.6304346,-0.009942223031129904
2025-04-21,949268437.0538906,-0.0040244202719547095
2025-04-22,931585925.2577846,-0.018627514732275974
2025-04-23,941011586.9611659,0.0101178661547221
2025-04-24,950932384.9743667,0.01054269485165249
2025-04-25,959213913.8447899,0.008708851440206722
2025-04-28,952601541.5722511,-0.006893532482274534
2025-04-29,951992960.7713271,-0.0006388618686460346
2025-05-05,960242373.4871407,0.008665413564749036
2025-05-06,959235843.195485,-0.001048204411143061
2025-05-07,958847181.3972843,-0.00040517856057797896
2025-05-08,962765788.5874163,0.00408679012271973
2025-05-09,962348508.8818499,-0.0004334176707490034
2025-05-12,977451218.9475017,0.015693597409112803
2025-05-13,974850641.6458664,-0.002660569910010957
2025-05-14,968075424.6210651,-0.006950005196039499
2025-05-15,964444184.3149738,-0.0037509890383929934
2025-05-16,964743130.2725477,0.00030996709030528535
2025-05-19,979200157.5896955,0.01498536435606801
2025-05-20,998949109.7529192,0.020168452803189796
2025-05-21,1002841655.3783784,0.003896640567027543
2025-05-22,998598038.6018903,-0.0042315920501795334
2025-05-23,996842760.116755,-0.0017577427726503947
2025-05-26,996565522.2741008,-0.0002781159213331996
2025-05-27,999115402.7963085,0.0025586682111871095
2025-05-28,1008224857.130774,0.009117519666867357
2025-05-29,1007455867.8921525,-0.0007627160084208162
2025-05-30,1001495345.4180312,-0.0059164104990446775
2025-06-02,1003099269.9871175,0.0016015297289442287
2025-06-03,1006359887.8332057,0.003250543534071282
2025-06-04,1006007645.9189374,-0.00035001585270522106
2025-06-05,1002679477.9394374,-0.003308292926998524
2025-06-06,995305754.6331227,-0.007354018376309224
2025-06-09,963809735.6500515,-0.03164456634200907
2025-06-10,966139640.2276932,0.0024173905818354324
2025-06-11,963500566.4714522,-0.0027315655484532186
2025-06-12,965428642.7287256,0.0020011158523074446
2025-06-13,962840350.4245887,-0.0026809773292215677
2025-06-16,962906810.1950893,6.90247043253489e-05
2025-06-17,961256962.603765,-0.0017134031807191086
2025-06-18,959231122.334647,-0.0021074908665738024
2025-06-19,960655020.0672076,0.0014844156944104903
2025-06-20,959008101.3505605,-0.0017143705932352038
2025-06-23,966044006.0711979,0.007336647845548772
2025-06-24,950408497.3422008,-0.01618508953084352
2025-06-25,948211130.0835779,-0.0023120240031184736
2025-06-26,948174074.1638064,-3.907981945772132e-05
2025-06-27,948129939.5717561,-4.6546929781010604e-05
2025-06-30,948811146.4165347,0.0007184741419370422
2025-07-01,946675714.5687251,-0.0022506395038408566
2025-07-02,948233711.0294058,0.0016457551796291714
2025-07-03,945959884.8531649,-0.002397959648336556
2025-07-04,946120163.5784812,0.0001694350129246569
2025-07-07,950850434.2856498,0.00499965109006606
2025-07-08,961765135.5659974,0.01147888341508474
2025-07-09,964020373.8515289,0.0023448950290803072
2025-07-10,966862728.3519037,0.0029484382047018087
2025-07-11,969585352.6549125,0.002815936764518412
2025-07-14,967578104.0620697,-0.002070213403437493
2025-07-15,960157348.912327,-0.007669412028433631
2025-07-16,962135719.1736208,0.0020604646348172384
2025-07-17,968371058.7562399,0.0064807276752749665
2025-07-18,973619652.6021912,0.0054200234491648125
2025-07-21,969391052.8106174,-0.004343174236748348
2025-07-22,970317503.8316134,0.0009557041178684944
2025-07-23,973969087.9570756,0.003763287904260837
2025-07-24,974102284.715894,0.00013675665939016923
2025-07-25,973647764.2674657,-0.00046660443729562573
2025-07-28,988675105.0198166,0.015434062813934446
2025-07-29,981784562.3249719,-0.006969471224529955
2025-07-30,981767915.220441,-1.695596485196127e-05
2025-07-31,999259708.6558468,0.017816627702157417
2025-08-01,1002741195.7008357,0.003484066269090258
2025-08-04,1007061062.0352654,0.004308057106809704
2025-08-05,1008885518.3321867,0.0018116640248546645
2025-08-06,1031903832.1720607,0.02281558553633145
2025-08-07,1033566012.4222922,0.001610789880228225
2025-08-08,1032161807.9243834,-0.0013586016577866733
2025-08-11,1035892092.7351009,0.0036140504154273945
2025-08-12,1045892678.8152485,0.00965408091275477
2025-08-13,1044154948.0175146,-0.0016614809845522105
2025-08-14,1054623827.3079988,0.010026174094525775
2025-08-15,1058605208.8056295,0.003775167405228652
2025-08-18,1059826370.2742158,0.0011535570186398392
2025-08-19,1072020471.965789,0.011505754181619476
2025-08-20,1075395089.6013134,0.003147904096771903
2025-08-21,1092204987.6548262,0.01563136954600086
2025-08-22,1076374168.9733813,-0.01449436585657482
2025-08-25,1060028525.862495,-0.015185837399346314
2025-08-26,1083318530.3201528,0.021971111049778447
2025-08-27,1078352607.615962,-0.0045839912871453725
2025-08-28,1081443974.958107,0.002866750003952312
2025-08-29,1094439319.559173,0.012016660041561211
2025-09-03,1091650183.7693968,-0.002548460878488701
2025-09-04,1095051044.0648577,0.0031153389116997943
2025-09-05,1083133927.4601822,-0.010882704207503369
2025-09-08,1070094243.0889251,-0.012038847681406839
2025-09-09,1072148110.5450438,0.0019193332450702094
2025-09-10,1072379702.3062444,0.0002160072465013929
2025-09-11,1073138910.9435892,0.0007079662508644446
2025-09-12,1073283936.7293385,0.00013514167110173503
2025-09-15,1076203134.7679062,0.0027198748985879373
2025-09-16,1076174961.1857262,-2.6178684367161864e-05
2025-09-17,1068992474.7568283,-0.006674088032102343
2025-09-18,1065131366.5145289,-0.0036119133983405494
2025-09-19,1056621984.5492493,-0.00798904457496652
2025-09-22,1053271140.604022,-0.003171279789958903
2025-09-23,1052360382.9993881,-0.0008646943503185511
2025-09-24,1071449113.6144222,0.018138967338002798
2025-09-25,1069880964.8739891,-0.0014635774303299875
2025-09-26,1067773303.2565398,-0.0019699963702948242
2025-09-29,1065855844.3132019,-0.001795754714497888
2025-09-30,1067597150.7038136,0.001633716604269031
2025-10-01,1073337322.8970761,0.005376721162545506
2025-10-02,1066407717.5197897,-0.006456130080879419
2025-10-03,1071484687.7477977,0.0047608153472631365
2025-10-06,1090219343.5972033,0.017484763024271155
2025-10-07,1091527208.2746668,0.0011996344452558372
2025-10-08,1092189760.7589853,0.0006069958488399418
2025-10-09,1094090405.613809,0.0017402148629401815
2025-10-10,1105677910.9367342,0.01059099436707367
2025-10-13,1113416236.9699922,0.006998716313959763
2025-10-14,1110773879.7737765,-0.0023731980085062165
2025-10-15,1111860133.2519715,0.0009779249386168143
2025-10-16,1119154289.394568,0.006560318087188266
2025-10-17,1103751814.6603642,-0.013762601707523414
2025-10-20,1059237936.1170611,-0.04032960847905864
2025-10-21,1066537667.2137455,0.0068914932592420985
2025-10-22,1067359071.9509243,0.0007701600819449705
2025-10-23,1071706379.2039621,0.0040729566715460574
2025-10-24,1064966640.351478,-0.006288792325273129
2025-10-27,1039451337.6032782,-0.023958781225089654
2025-10-28,1048081950.6886135,0.0083030467835421
2025-10-29,1050133857.1719084,0.0019577729412729727
2025-10-30,1040947058.8258996,-0.008748216509035789
2025-10-31,1020541122.4661777,-0.019603241285621298
2025-11-03,1009589609.7592561,-0.010731084192332041
2025-11-04,1018553468.1625361,0.008878714991349401
2025-11-05,1014079883.7782831,-0.004392095775122451
2025-11-06,1008961761.5372454,-0.0050470602197220105
2025-11-07,994804046.698731,-0.014031963725705365
2025-11-10,991547122.3503523,-0.0032739355646841384
2025-11-11,994447533.0400648,0.002925136510746329
2025-11-12,1004810336.7993946,0.010420664152738457
2025-11-13,1010500332.3552806,0.00566275579330755
2025-11-14,1007102296.0904415,-0.003362726518772119
2025-11-17,1008702804.0312572,0.0015892208239707273
2025-11-18,1008909013.105773,0.0002044299606303035
2025-11-19,1006655060.9983599,-0.0022340489361618587
2025-11-20,1006141477.0275011,-0.0005101886343763518
2025-11-21,998365092.1183484,-0.007728917937193991
2025-11-24,1010780745.0886517,0.012435984659639354
2025-11-25,1007020401.9618185,-0.0037202362085987373
2025-11-26,1026727873.0616493,0.019570081262939576
2025-11-27,1035908341.7098858,0.008941481856201028
2025-11-28,1051326791.0488946,0.014883989942159337
2025-12-01,1068855659.8705251,0.01667309248739124
2025-12-02,1084217257.775676,0.014372004080524414
2025-12-03,1069965530.5911715,-0.013144715307098709
2025-12-04,1070678989.378231,0.0006668053938758689
2025-12-05,1065685628.2191757,-0.004663733209106069
2025-12-08,1083878229.331146,0.01707126438626294
2025-12-09,1077322382.6285455,-0.006048508518014972
2025-12-10,1055604589.5282705,-0.02015904751490083
2025-12-11,1041421528.8257558,-0.01343595967961142
2025-12-12,1015743883.546767,-0.024656341902151158
2025-12-15,1026817003.0699046,0.010901487769212626
2025-12-16,1049521640.9481404,0.022111669178008553
2025-12-17,1047510249.1194699,-0.0019164843774478468
2025-12-18,1050642640.666645,0.0029903206673236316
2025-12-19,1050335394.2714275,-0.00029243663194800096
2025-12-22,1071582994.5124462,0.02022934803197529
2025-12-23,1082576847.1492782,0.010259450451464147
2025-12-24,1083955378.0060582,0.0012733792159052015
2025-12-25,1055130756.4198582,-0.026592073964541885
2025-12-26,1042068877.3481181,-0.012379393731313582
2025-12-29,1049900581.6285218,0.007515534194183049
2025-12-30,1047354944.3239937,-0.002424646056086166
2025-12-31,1053464448.2014141,0.0058332697148471
2026-01-05,1062305662.3450469,0.008392513063661067
2026-01-06,1083572272.369546,0.020019294613899508
2026-01-07,1107271530.0073247,0.021871413879900548
2026-01-08,1119997569.4084275,0.011493151459442519
2026-01-09,1125742892.218862,0.005129763641781082
2026-01-12,1136691216.115841,0.009725421295265324
2026-01-13,1160885317.5367856,0.021284673513725094
2026-01-14,1166780864.4664876,0.005078492113425481
2026-01-15,1161127951.0698152,-0.004844880104592164
2026-01-16,1167538268.5313034,0.005520767505064361
2026-01-19,1179766194.5910728,0.010473255043838003
2026-01-20,1181798111.281747,0.0017223045549110694
2026-01-21,1174752907.0545473,-0.005961427895293192
2026-01-22,1163839661.1367297,-0.009289822440346485
2026-01-23,1152435474.4251406,-0.009798761025595737
2026-01-26,1169205092.085277,0.014551459090151209
2026-01-27,1183954673.6823177,0.012615050769865244
2026-01-28,1181601521.8658512,-0.001987535391999251
2026-01-29,1193590647.7484684,0.010146505112557103
2026-01-30,1201752309.6086507,0.006837907012406719
2026-02-02,1199011866.439773,-0.002280372708224676
2026-02-03,1196713168.5425863,-0.0019171602563136103
2026-02-04,1186409425.5292163,-0.008610035624424861
2026-02-05,1182733171.0044763,-0.0030986390074405623
2026-02-06,1185412250.4684353,0.002265159657003357
2026-02-09,1183259438.1768796,-0.0018160874334687271
2026-02-10,1124888100.8650346,-0.049330971238041754
2026-02-11,1121552634.9437747,-0.002965153528333153
2026-02-12,1121242808.0221357,-0.00027624822231775426
2026-02-13,1132436186.9856062,0.009983010712207419
2026-02-23,1145667468.1331866,0.01168390881503023
2026-02-24,1154680032.1932027,0.007866649189840258
2026-02-25,1179563614.8082256,0.02155019738910613
2026-02-26,1174299058.905776,-0.004463138601732419
2026-02-27,1171380288.977981,-0.0024855422523413218
2026-03-02,1198268891.026485,0.02295463079028237
2026-03-03,1234066534.2877064,0.029874466014515155
2026-03-04,1246350694.624809,0.009954212350627323
2026-03-05,1246457592.2197204,8.57684722064267e-05
2026-03-06,1231783801.3367705,-0.011772394804718922
2026-03-09,1183629064.304189,-0.03909349756046676
2026-03-10,1197254397.6386914,0.011511489321624824
2026-03-11,1216560405.0647357,0.01612523408902966
2026-03-12,1218113806.648125,0.0012768799452309576
2026-03-13,1194531825.3625228,-0.01935942369005117
2026-03-16,1180820272.1636724,-0.01147860015758817
2026-03-17,1175718690.786734,-0.004320370760226289
2026-03-18,1176865024.5733745,0.0009750068580378635
2026-03-19,1171135943.8477304,-0.0048680864891205156
2026-03-20,1146749509.7485905,-0.020822889287318014
2026-03-23,1118815185.9012742,-0.024359569033903905
2026-03-24,1112415210.3855271,-0.005720315201649284
2026-03-25,1134649352.8369908,0.019987269361192883
2026-03-26,1106220062.9712727,-0.025055573155385535
2026-03-27,1122003069.8596299,0.014267510974230957
2026-03-30,1115050434.780579,-0.006196627501135588
2026-03-31,1115428420.4904506,0.00033898530333820176
2026-04-01,1117099161.3097277,0.0014978467363619963
2026-04-02,1135640549.4189596,0.016597799686371095
2026-04-03,1152039586.5205827,0.014440341277011992
2026-04-06,1143783906.2829885,-0.007166142842823797
2026-04-07,1140952359.2888534,-0.002475596114424272
2026-04-08,1164822718.149468,0.02092143345537467
2026-04-09,1144409422.7307503,-0.017524808797640734
2026-04-10,1145875430.425024,0.0012810167979704357
2026-04-13,1144798398.1423934,-0.0009399209146417897
2026-04-14,1149242474.252686,0.0038819726840149116
2026-04-15,1162956168.5133603,0.011932811889494355
2026-04-16,1165977816.3760395,0.0025982474185093363
2026-04-17,1159013309.055356,-0.005973104481807212
2026-04-20,1172122255.8832211,0.011310436839202076
2026-04-21,1174444957.073883,0.00198162024396642
2026-04-22,1172113110.2148368,-0.0019854884173167164
2026-04-23,1172043217.5667312,-5.962961039895909e-05
2026-04-24,1174420970.7505043,0.002028724835513751
2026-04-28,1178174261.3134093,0.00319586473367095
2026-04-29,1171666371.672566,-0.0055237071921674374
2026-05-04,1176091388.823749,0.003776686997396972
2026-05-05,1178354850.9112191,0.0019245630985649242
2026-05-06,1186454231.7854922,0.006873465041544957
2026-05-07,1189634392.8726752,0.0026803908671615417
2026-05-08,1188870434.916023,-0.0006421787746127006
2026-05-11,1182988966.4487805,-0.0049471063410353455
2026-05-12,1198165208.45534,0.012828726587465145
2026-05-13,1192157270.5554924,-0.005014281717955149
2026-05-14,1200771348.718807,0.007225622303423718
2026-05-15,1191999443.940193,-0.007305224918943476
2026-05-18,1195706284.2345119,0.003109766798267799
2026-05-19,1203983061.420372,0.0069220821994415704
2026-05-20,1206519198.8302884,0.0021064560550581035
2026-05-21,1198528222.29902,-0.006623165664512931
2026-05-22,1192021061.3853207,-0.0054292930217507696
2026-05-25,1197641445.5481791,0.004715004075789286
2026-05-26,1196801865.818059,-0.000701027618275063
2026-05-27,1192191413.2853067,-0.0038523106158435683
2026-05-28,1195939031.191229,0.0031434699698056345
2026-05-29,1191959289.4244123,-0.003327712920994652
2026-06-01,1186764464.2332277,-0.004358223671962036
